﻿<?xml version="1.0" encoding="utf-8"?><DEFECTS><DEFECT>
    <SFA>
      <FILEPATH>E:\Raylib\Space_Invader\Space_Invader\</FILEPATH>
      <FILENAME>HighscoreManager.h</FILENAME>
      <LINE>10</LINE>
      <COLUMN>1</COLUMN>
    </SFA>
    <DEFECTCODE>26495</DEFECTCODE>
    <DESCRIPTION>Die Variable "HighscoreManager::score::value" ist nicht initialisiert. Eine Membervariable muss immer initialisiert werden (type.6).</DESCRIPTION>
    <FUNCTION>HighscoreManager::score::{ctor}</FUNCTION>
    <DECORATED>??0score@HighscoreManager@@QEAA@XZ</DECORATED>
    <FUNCLINE>10</FUNCLINE>
    <ADDITIONALINFO>
      <targetSymbol>HighscoreManager::score::value</targetSymbol>
    </ADDITIONALINFO>
    <PATH></PATH>
  </DEFECT></DEFECTS>